,22001,22003,22005,22007,22009,22011,22013,22015,22017,22019,22021,22023,22025,22027,22029,22031,22033,22035,22037,22039,22041,22043,22045,22047,22049,22051,22053,22055,22057,22059,22061,22063,22065,22067,22069,22071,22073,22075,22077,22079,22081,22083,22085,22087,22089,22091,22093,22095,22097,22099,22101,22103,22105,22107,22109,22111,22113,22115,22117,22119,22121,22123,22125,22127,-1
1117,44112.0,0.0,0.0,0.0,0.0,0.0,0.0,0.0,0.0,121.0,0.0,0.0,0.0,0.0,0.0,0.0,50.0,0.0,0.0,47.0,0.0,0.0,28.0,0.0,0.0,0.0,183.0,688.0,0.0,0.0,0.0,0.0,0.0,0.0,0.0,0.0,0.0,0.0,0.0,0.0,0.0,0.0,0.0,0.0,0.0,0.0,0.0,0.0,182.0,35.0,0.0,0.0,0.0,0.0,0.0,0.0,178.0,0.0,0.0,0.0,0.0,0.0,0.0,0.0,56.0
1118,0.0,15841.0,0.0,0.0,0.0,58.0,0.0,0.0,0.0,226.0,0.0,0.0,0.0,0.0,0.0,0.0,0.0,0.0,0.0,95.0,0.0,0.0,0.0,0.0,0.0,0.0,77.0,28.0,0.0,0.0,0.0,0.0,0.0,0.0,0.0,0.0,0.0,0.0,0.0,143.0,0.0,0.0,0.0,0.0,0.0,0.0,0.0,0.0,27.0,0.0,0.0,0.0,0.0,0.0,0.0,0.0,0.0,44.0,0.0,0.0,0.0,0.0,0.0,0.0,21.0
1119,0.0,0.0,68320.0,134.0,0.0,0.0,0.0,0.0,0.0,47.0,0.0,0.0,0.0,0.0,0.0,0.0,965.0,0.0,0.0,0.0,0.0,0.0,28.0,100.0,0.0,76.0,0.0,36.0,27.0,0.0,0.0,456.0,0.0,0.0,0.0,25.0,0.0,0.0,26.0,0.0,0.0,0.0,0.0,0.0,0.0,0.0,97.0,33.0,0.0,0.0,0.0,36.0,46.0,0.0,25.0,0.0,0.0,0.0,0.0,0.0,0.0,0.0,0.0,0.0,195.0
1120,0.0,0.0,159.0,17646.0,0.0,0.0,0.0,0.0,0.0,0.0,0.0,0.0,0.0,0.0,0.0,0.0,79.0,0.0,0.0,0.0,0.0,0.0,0.0,36.0,0.0,0.0,0.0,0.0,163.0,0.0,0.0,0.0,0.0,0.0,0.0,0.0,0.0,0.0,0.0,0.0,0.0,0.0,0.0,0.0,0.0,0.0,0.0,0.0,0.0,0.0,85.0,0.0,0.0,0.0,65.0,0.0,0.0,0.0,0.0,0.0,0.0,0.0,0.0,0.0,20.0
1121,0.0,0.0,0.0,0.0,29449.0,0.0,0.0,0.0,20.0,20.0,0.0,0.0,0.0,0.0,0.0,0.0,67.0,0.0,0.0,38.0,0.0,22.0,0.0,0.0,0.0,20.0,0.0,72.0,0.0,0.0,0.0,0.0,0.0,0.0,0.0,0.0,0.0,0.0,26.0,287.0,0.0,0.0,0.0,0.0,0.0,0.0,0.0,0.0,45.0,0.0,0.0,0.0,0.0,0.0,0.0,0.0,0.0,0.0,0.0,0.0,0.0,0.0,0.0,0.0,55.0
1122,0.0,62.0,0.0,0.0,0.0,23129.0,0.0,0.0,0.0,484.0,0.0,0.0,0.0,0.0,0.0,0.0,15.0,0.0,0.0,0.0,0.0,0.0,0.0,0.0,0.0,0.0,0.0,0.0,0.0,0.0,0.0,0.0,0.0,0.0,0.0,0.0,0.0,0.0,0.0,0.0,0.0,0.0,0.0,0.0,0.0,0.0,0.0,0.0,0.0,0.0,0.0,0.0,0.0,0.0,0.0,0.0,0.0,275.0,0.0,0.0,0.0,0.0,0.0,0.0,43.0
1123,0.0,0.0,0.0,0.0,0.0,0.0,10427.0,93.0,55.0,0.0,0.0,0.0,0.0,0.0,0.0,0.0,0.0,0.0,0.0,0.0,0.0,0.0,0.0,0.0,67.0,0.0,0.0,0.0,0.0,0.0,101.0,0.0,0.0,0.0,38.0,0.0,0.0,0.0,0.0,0.0,0.0,0.0,0.0,0.0,0.0,0.0,0.0,0.0,0.0,0.0,0.0,0.0,0.0,0.0,0.0,0.0,0.0,0.0,0.0,122.0,0.0,0.0,0.0,0.0,0.0
1124,0.0,0.0,0.0,0.0,0.0,0.0,53.0,75990.0,3178.0,0.0,0.0,0.0,0.0,39.0,0.0,80.0,49.0,0.0,0.0,0.0,0.0,0.0,0.0,0.0,0.0,26.0,0.0,24.0,0.0,0.0,25.0,0.0,0.0,0.0,47.0,20.0,79.0,0.0,0.0,61.0,42.0,0.0,0.0,0.0,0.0,0.0,0.0,0.0,0.0,0.0,0.0,33.0,0.0,0.0,0.0,0.0,0.0,0.0,0.0,318.0,0.0,0.0,0.0,0.0,1218.0
1125,0.0,0.0,0.0,0.0,0.0,0.0,66.0,3565.0,180876.0,57.0,0.0,0.0,0.0,36.0,0.0,675.0,156.0,0.0,0.0,0.0,0.0,0.0,0.0,0.0,0.0,67.0,0.0,83.0,0.0,0.0,77.0,23.0,0.0,0.0,93.0,62.0,165.0,0.0,0.0,49.0,44.0,0.0,65.0,0.0,0.0,0.0,0.0,0.0,22.0,0.0,0.0,61.0,0.0,0.0,0.0,0.0,0.0,46.0,0.0,232.0,0.0,0.0,0.0,0.0,2534.0
1126,59.0,182.0,55.0,0.0,0.0,475.0,0.0,34.0,61.0,140574.0,0.0,210.0,0.0,0.0,0.0,0.0,182.0,0.0,0.0,66.0,0.0,0.0,40.0,0.0,0.0,63.0,396.0,184.0,0.0,0.0,19.0,0.0,0.0,0.0,0.0,33.0,38.0,0.0,0.0,114.0,0.0,0.0,37.0,0.0,0.0,0.0,0.0,0.0,70.0,22.0,22.0,58.0,0.0,0.0,42.0,0.0,45.0,106.0,0.0,0.0,0.0,0.0,0.0,0.0,1528.0
1127,0.0,0.0,0.0,0.0,0.0,0.0,0.0,0.0,0.0,0.0,6931.0,0.0,0.0,0.0,0.0,0.0,0.0,0.0,0.0,0.0,0.0,0.0,0.0,0.0,0.0,0.0,0.0,0.0,0.0,61.0,0.0,0.0,0.0,0.0,0.0,0.0,156.0,0.0,0.0,0.0,0.0,0.0,0.0,0.0,0.0,0.0,0.0,0.0,0.0,0.0,0.0,0.0,0.0,0.0,0.0,0.0,0.0,0.0,0.0,0.0,0.0,0.0,0.0,0.0,0.0
1128,0.0,0.0,0.0,0.0,0.0,0.0,0.0,0.0,0.0,220.0,0.0,7330.0,0.0,0.0,0.0,0.0,0.0,0.0,0.0,0.0,0.0,0.0,0.0,0.0,0.0,0.0,32.0,0.0,0.0,0.0,0.0,0.0,0.0,0.0,0.0,0.0,0.0,0.0,0.0,0.0,0.0,0.0,0.0,0.0,0.0,0.0,0.0,0.0,0.0,0.0,0.0,0.0,0.0,0.0,0.0,0.0,0.0,0.0,0.0,0.0,0.0,0.0,0.0,0.0,0.0
1129,0.0,0.0,0.0,0.0,0.0,0.0,0.0,0.0,0.0,0.0,0.0,0.0,7012.0,0.0,66.0,0.0,0.0,0.0,0.0,0.0,51.0,0.0,0.0,0.0,0.0,0.0,0.0,0.0,0.0,63.0,0.0,0.0,0.0,0.0,0.0,0.0,27.0,0.0,0.0,0.0,0.0,0.0,0.0,0.0,0.0,0.0,0.0,0.0,0.0,0.0,0.0,0.0,0.0,0.0,0.0,0.0,0.0,0.0,0.0,0.0,0.0,0.0,0.0,0.0,0.0
1130,0.0,0.0,0.0,0.0,0.0,0.0,44.0,45.0,29.0,0.0,0.0,0.0,0.0,10693.0,0.0,0.0,0.0,0.0,0.0,0.0,0.0,0.0,0.0,0.0,0.0,0.0,0.0,0.0,0.0,0.0,61.0,0.0,0.0,0.0,0.0,0.0,0.0,0.0,0.0,0.0,0.0,0.0,0.0,0.0,0.0,0.0,0.0,0.0,0.0,0.0,0.0,0.0,0.0,0.0,0.0,29.0,0.0,0.0,0.0,147.0,0.0,0.0,0.0,0.0,70.0
1131,0.0,0.0,0.0,0.0,0.0,0.0,0.0,0.0,0.0,0.0,0.0,0.0,75.0,0.0,13790.0,0.0,42.0,0.0,0.0,0.0,0.0,0.0,0.0,0.0,0.0,0.0,0.0,0.0,0.0,0.0,0.0,0.0,0.0,0.0,0.0,0.0,41.0,0.0,0.0,37.0,0.0,0.0,0.0,0.0,0.0,0.0,0.0,0.0,0.0,0.0,0.0,0.0,0.0,0.0,0.0,0.0,0.0,0.0,0.0,0.0,0.0,0.0,0.0,0.0,171.0
1132,0.0,0.0,0.0,0.0,0.0,0.0,0.0,102.0,593.0,0.0,0.0,0.0,0.0,0.0,0.0,19944.0,0.0,0.0,0.0,0.0,0.0,0.0,0.0,0.0,0.0,0.0,0.0,0.0,0.0,0.0,0.0,0.0,0.0,0.0,0.0,0.0,0.0,0.0,0.0,0.0,0.0,0.0,40.0,0.0,0.0,0.0,0.0,0.0,0.0,0.0,0.0,0.0,0.0,0.0,0.0,0.0,0.0,0.0,0.0,24.0,0.0,0.0,0.0,0.0,56.0
1133,30.0,0.0,2266.0,63.0,62.0,0.0,0.0,27.0,133.0,143.0,0.0,0.0,0.0,0.0,38.0,0.0,290607.0,0.0,529.0,37.0,0.0,0.0,66.0,422.0,0.0,442.0,0.0,364.0,72.0,0.0,32.0,2956.0,0.0,0.0,32.0,448.0,88.0,20.0,223.0,158.0,0.0,0.0,0.0,54.0,33.0,102.0,55.0,68.0,115.0,37.0,50.0,323.0,238.0,28.0,85.0,0.0,25.0,38.0,54.0,0.0,558.0,0.0,168.0,0.0,3776.0
1134,0.0,0.0,0.0,0.0,0.0,0.0,0.0,0.0,0.0,0.0,0.0,0.0,0.0,0.0,0.0,0.0,0.0,5274.0,0.0,0.0,0.0,0.0,0.0,0.0,0.0,0.0,0.0,0.0,0.0,0.0,0.0,0.0,31.0,0.0,0.0,0.0,72.0,0.0,0.0,0.0,0.0,0.0,0.0,0.0,0.0,0.0,0.0,0.0,0.0,0.0,0.0,0.0,0.0,0.0,0.0,0.0,0.0,0.0,0.0,0.0,0.0,61.0,0.0,0.0,0.0
1135,0.0,0.0,29.0,0.0,0.0,0.0,0.0,0.0,0.0,0.0,0.0,0.0,0.0,0.0,0.0,0.0,558.0,0.0,14038.0,0.0,0.0,0.0,0.0,0.0,0.0,0.0,0.0,0.0,0.0,0.0,0.0,59.0,0.0,0.0,0.0,0.0,0.0,0.0,0.0,0.0,0.0,0.0,0.0,0.0,0.0,0.0,0.0,0.0,0.0,0.0,0.0,0.0,22.0,0.0,0.0,0.0,0.0,0.0,0.0,0.0,0.0,0.0,76.0,0.0,0.0
1136,56.0,50.0,0.0,0.0,34.0,0.0,0.0,0.0,0.0,64.0,0.0,0.0,0.0,0.0,0.0,0.0,51.0,0.0,0.0,23816.0,0.0,0.0,0.0,0.0,0.0,0.0,33.0,108.0,0.0,0.0,0.0,0.0,0.0,0.0,0.0,0.0,0.0,0.0,0.0,45.0,0.0,0.0,0.0,0.0,0.0,0.0,0.0,0.0,283.0,0.0,0.0,0.0,0.0,0.0,0.0,0.0,0.0,0.0,0.0,0.0,0.0,0.0,0.0,0.0,0.0
1137,0.0,0.0,0.0,0.0,0.0,0.0,0.0,0.0,0.0,0.0,0.0,0.0,30.0,0.0,0.0,0.0,18.0,0.0,0.0,0.0,14925.0,0.0,0.0,0.0,0.0,0.0,0.0,0.0,0.0,0.0,0.0,0.0,0.0,0.0,0.0,0.0,193.0,0.0,0.0,0.0,0.0,128.0,0.0,0.0,0.0,0.0,0.0,0.0,0.0,0.0,0.0,0.0,0.0,0.0,0.0,0.0,0.0,0.0,0.0,0.0,0.0,0.0,0.0,0.0,45.0
1138,0.0,0.0,0.0,0.0,26.0,0.0,0.0,0.0,0.0,0.0,0.0,0.0,0.0,0.0,0.0,0.0,0.0,0.0,0.0,0.0,0.0,13375.0,0.0,0.0,0.0,0.0,0.0,0.0,0.0,31.0,0.0,0.0,0.0,0.0,40.0,0.0,0.0,0.0,0.0,498.0,0.0,0.0,0.0,0.0,0.0,0.0,0.0,0.0,0.0,0.0,0.0,0.0,0.0,0.0,0.0,0.0,0.0,0.0,0.0,0.0,0.0,0.0,0.0,0.0,0.0
1139,41.0,0.0,0.0,0.0,0.0,0.0,0.0,0.0,0.0,26.0,0.0,0.0,0.0,0.0,0.0,0.0,82.0,0.0,0.0,0.0,0.0,0.0,56967.0,0.0,0.0,42.0,0.0,670.0,0.0,0.0,0.0,0.0,0.0,0.0,0.0,27.0,0.0,0.0,0.0,0.0,0.0,0.0,0.0,0.0,0.0,0.0,0.0,0.0,36.0,356.0,194.0,0.0,0.0,0.0,53.0,0.0,276.0,0.0,0.0,0.0,0.0,0.0,0.0,0.0,163.0
1140,0.0,0.0,156.0,0.0,0.0,0.0,0.0,0.0,0.0,0.0,0.0,0.0,0.0,0.0,0.0,0.0,576.0,0.0,0.0,0.0,0.0,0.0,0.0,22787.0,0.0,0.0,0.0,15.0,0.0,0.0,0.0,58.0,0.0,0.0,0.0,0.0,0.0,0.0,26.0,0.0,0.0,0.0,0.0,0.0,0.0,0.0,0.0,0.0,0.0,0.0,0.0,0.0,0.0,0.0,0.0,0.0,0.0,0.0,0.0,0.0,228.0,0.0,0.0,0.0,0.0
1141,0.0,0.0,0.0,0.0,0.0,0.0,38.0,0.0,28.0,0.0,0.0,0.0,0.0,0.0,0.0,0.0,0.0,0.0,0.0,0.0,0.0,0.0,0.0,0.0,11097.0,0.0,0.0,0.0,0.0,0.0,144.0,0.0,0.0,0.0,0.0,0.0,148.0,0.0,0.0,0.0,0.0,0.0,0.0,0.0,0.0,0.0,0.0,0.0,0.0,0.0,0.0,0.0,0.0,0.0,0.0,0.0,0.0,0.0,0.0,0.0,0.0,0.0,0.0,39.0,0.0
1142,0.0,0.0,163.0,32.0,23.0,0.0,0.0,29.0,64.0,54.0,0.0,0.0,0.0,0.0,0.0,0.0,524.0,0.0,0.0,0.0,0.0,0.0,33.0,0.0,0.0,330761.0,0.0,171.0,217.0,0.0,0.0,123.0,0.0,0.0,0.0,6012.0,53.0,681.0,0.0,45.0,0.0,0.0,0.0,454.0,1381.0,0.0,41.0,1073.0,39.0,0.0,28.0,2728.0,443.0,0.0,181.0,0.0,26.0,0.0,118.0,0.0,0.0,0.0,0.0,0.0,4944.0
1143,192.0,103.0,0.0,0.0,0.0,0.0,0.0,0.0,0.0,411.0,0.0,32.0,0.0,0.0,0.0,0.0,0.0,0.0,0.0,0.0,0.0,0.0,0.0,0.0,0.0,0.0,23305.0,79.0,0.0,0.0,0.0,0.0,0.0,0.0,0.0,0.0,0.0,0.0,0.0,0.0,0.0,0.0,0.0,0.0,0.0,0.0,0.0,0.0,0.0,0.0,0.0,0.0,0.0,0.0,0.0,0.0,63.0,0.0,0.0,0.0,0.0,0.0,0.0,0.0,40.0
1144,672.0,0.0,66.0,0.0,35.0,0.0,0.0,24.0,56.0,208.0,0.0,0.0,0.0,0.0,0.0,0.0,330.0,0.0,0.0,90.0,0.0,0.0,457.0,0.0,0.0,132.0,41.0,145722.0,42.0,0.0,0.0,36.0,0.0,0.0,16.0,119.0,46.0,0.0,15.0,98.0,0.0,0.0,0.0,18.0,0.0,0.0,0.0,0.0,761.0,906.0,135.0,107.0,23.0,0.0,90.0,0.0,789.0,26.0,0.0,0.0,0.0,0.0,0.0,0.0,1507.0
1145,0.0,0.0,44.0,157.0,0.0,0.0,0.0,0.0,0.0,22.0,0.0,0.0,0.0,0.0,0.0,0.0,109.0,0.0,0.0,0.0,0.0,0.0,21.0,0.0,0.0,181.0,0.0,79.0,69781.0,0.0,0.0,25.0,0.0,0.0,0.0,50.0,0.0,0.0,0.0,0.0,0.0,0.0,0.0,0.0,70.0,0.0,56.0,22.0,0.0,0.0,48.0,38.0,30.0,0.0,1198.0,0.0,0.0,0.0,0.0,0.0,0.0,0.0,0.0,0.0,55.0
1146,0.0,0.0,0.0,0.0,0.0,0.0,0.0,0.0,0.0,0.0,76.0,0.0,52.0,0.0,0.0,0.0,0.0,0.0,0.0,0.0,0.0,56.0,0.0,0.0,0.0,0.0,0.0,0.0,0.0,9694.0,0.0,0.0,0.0,0.0,0.0,0.0,38.0,0.0,0.0,56.0,0.0,0.0,0.0,0.0,0.0,0.0,0.0,0.0,0.0,0.0,0.0,0.0,0.0,0.0,0.0,0.0,0.0,0.0,0.0,0.0,0.0,0.0,0.0,0.0,0.0
1147,0.0,0.0,0.0,0.0,0.0,0.0,98.0,63.0,137.0,0.0,0.0,0.0,0.0,71.0,0.0,0.0,47.0,0.0,0.0,0.0,0.0,0.0,0.0,0.0,101.0,24.0,0.0,0.0,0.0,0.0,26569.0,0.0,0.0,0.0,0.0,19.0,301.0,0.0,0.0,38.0,0.0,0.0,0.0,0.0,0.0,0.0,0.0,0.0,0.0,0.0,0.0,0.0,0.0,0.0,0.0,125.0,0.0,0.0,0.0,34.0,0.0,0.0,0.0,0.0,156.0
1148,0.0,0.0,471.0,0.0,0.0,0.0,0.0,0.0,0.0,25.0,0.0,0.0,0.0,0.0,0.0,0.0,1402.0,0.0,52.0,0.0,0.0,0.0,0.0,36.0,0.0,43.0,0.0,40.0,0.0,0.0,0.0,79424.0,0.0,0.0,0.0,26.0,20.0,0.0,35.0,0.0,0.0,0.0,0.0,0.0,0.0,109.0,0.0,0.0,0.0,0.0,0.0,76.0,503.0,0.0,19.0,0.0,0.0,24.0,29.0,0.0,52.0,0.0,0.0,0.0,94.0
1149,0.0,0.0,0.0,0.0,0.0,0.0,0.0,0.0,0.0,0.0,0.0,0.0,0.0,0.0,0.0,0.0,24.0,25.0,0.0,0.0,0.0,0.0,0.0,0.0,0.0,0.0,0.0,0.0,0.0,0.0,0.0,0.0,8397.0,0.0,0.0,0.0,96.0,0.0,0.0,0.0,0.0,43.0,0.0,0.0,0.0,0.0,0.0,0.0,0.0,0.0,0.0,0.0,0.0,0.0,0.0,0.0,0.0,0.0,0.0,0.0,0.0,31.0,0.0,0.0,117.0
1150,0.0,0.0,0.0,0.0,0.0,0.0,0.0,0.0,0.0,0.0,0.0,0.0,0.0,0.0,0.0,0.0,0.0,0.0,0.0,0.0,0.0,0.0,0.0,0.0,0.0,0.0,0.0,0.0,0.0,0.0,36.0,0.0,0.0,22321.0,0.0,0.0,472.0,0.0,0.0,0.0,0.0,58.0,0.0,0.0,0.0,0.0,0.0,0.0,0.0,0.0,0.0,0.0,0.0,0.0,0.0,54.0,0.0,0.0,0.0,0.0,0.0,33.0,0.0,0.0,118.0
1151,0.0,0.0,0.0,0.0,0.0,0.0,35.0,55.0,132.0,27.0,0.0,0.0,0.0,0.0,0.0,0.0,59.0,0.0,0.0,0.0,0.0,35.0,0.0,0.0,0.0,0.0,0.0,24.0,0.0,0.0,0.0,0.0,0.0,0.0,25948.0,18.0,28.0,0.0,0.0,175.0,56.0,0.0,95.0,0.0,0.0,0.0,0.0,0.0,0.0,0.0,0.0,0.0,0.0,0.0,0.0,0.0,0.0,54.0,0.0,0.0,0.0,0.0,0.0,64.0,100.0
1152,0.0,0.0,55.0,0.0,0.0,0.0,0.0,0.0,60.0,42.0,0.0,0.0,0.0,0.0,0.0,0.0,502.0,0.0,0.0,0.0,0.0,0.0,17.0,0.0,0.0,8948.0,0.0,128.0,69.0,0.0,0.0,34.0,0.0,0.0,0.0,296232.0,40.0,210.0,0.0,42.0,0.0,0.0,0.0,889.0,242.0,23.0,19.0,324.0,0.0,0.0,38.0,1958.0,137.0,0.0,64.0,0.0,0.0,0.0,70.0,0.0,0.0,0.0,0.0,0.0,5580.0
1153,0.0,0.0,49.0,0.0,0.0,0.0,33.0,120.0,139.0,38.0,119.0,0.0,0.0,0.0,25.0,0.0,177.0,30.0,0.0,0.0,126.0,0.0,0.0,0.0,100.0,52.0,0.0,44.0,0.0,31.0,285.0,34.0,28.0,265.0,0.0,39.0,109739.0,0.0,0.0,104.0,0.0,262.0,0.0,0.0,0.0,0.0,0.0,0.0,0.0,0.0,0.0,59.0,33.0,28.0,0.0,333.0,0.0,0.0,0.0,18.0,0.0,56.0,0.0,36.0,1532.0
1154,0.0,0.0,0.0,0.0,0.0,0.0,0.0,0.0,0.0,0.0,0.0,0.0,0.0,0.0,0.0,0.0,35.0,0.0,0.0,0.0,0.0,0.0,0.0,0.0,0.0,625.0,0.0,0.0,0.0,0.0,0.0,0.0,0.0,0.0,0.0,209.0,0.0,21452.0,0.0,0.0,0.0,0.0,0.0,71.0,0.0,0.0,0.0,0.0,0.0,0.0,0.0,85.0,29.0,0.0,30.0,0.0,0.0,0.0,0.0,0.0,0.0,0.0,0.0,0.0,142.0
1155,0.0,0.0,42.0,0.0,32.0,0.0,0.0,0.0,0.0,0.0,0.0,0.0,0.0,0.0,0.0,0.0,280.0,0.0,0.0,0.0,0.0,0.0,0.0,38.0,0.0,0.0,0.0,0.0,0.0,0.0,0.0,20.0,0.0,0.0,0.0,0.0,0.0,0.0,16644.0,0.0,0.0,0.0,0.0,0.0,0.0,0.0,0.0,0.0,0.0,0.0,0.0,0.0,0.0,0.0,0.0,0.0,0.0,0.0,0.0,0.0,101.0,0.0,0.0,0.0,0.0
1156,0.0,115.0,25.0,0.0,317.0,0.0,0.0,62.0,88.0,70.0,0.0,0.0,0.0,0.0,0.0,0.0,211.0,0.0,0.0,60.0,0.0,545.0,0.0,0.0,0.0,61.0,0.0,182.0,0.0,45.0,28.0,36.0,0.0,0.0,122.0,55.0,92.0,0.0,0.0,95156.0,0.0,0.0,26.0,0.0,0.0,0.0,0.0,0.0,38.0,0.0,0.0,0.0,0.0,0.0,0.0,0.0,0.0,122.0,0.0,0.0,0.0,0.0,0.0,0.0,347.0
1157,0.0,0.0,0.0,0.0,0.0,0.0,55.0,41.0,109.0,0.0,0.0,0.0,0.0,0.0,0.0,0.0,0.0,0.0,0.0,0.0,0.0,0.0,0.0,0.0,0.0,0.0,0.0,0.0,0.0,0.0,0.0,0.0,0.0,0.0,93.0,0.0,0.0,0.0,0.0,0.0,6520.0,0.0,0.0,0.0,0.0,0.0,0.0,0.0,0.0,0.0,0.0,0.0,0.0,0.0,0.0,0.0,0.0,0.0,0.0,0.0,0.0,0.0,0.0,0.0,0.0
1158,0.0,0.0,0.0,0.0,0.0,0.0,0.0,0.0,0.0,0.0,0.0,0.0,0.0,0.0,0.0,0.0,21.0,0.0,0.0,0.0,71.0,0.0,0.0,0.0,0.0,0.0,0.0,0.0,0.0,0.0,0.0,0.0,51.0,49.0,0.0,0.0,321.0,0.0,0.0,0.0,0.0,14565.0,0.0,0.0,0.0,0.0,0.0,0.0,0.0,0.0,0.0,0.0,0.0,0.0,0.0,0.0,0.0,0.0,0.0,0.0,0.0,0.0,0.0,0.0,0.0
1159,0.0,0.0,0.0,0.0,0.0,0.0,0.0,0.0,68.0,25.0,0.0,0.0,0.0,0.0,0.0,56.0,0.0,0.0,0.0,0.0,0.0,0.0,0.0,0.0,0.0,0.0,0.0,0.0,0.0,0.0,0.0,0.0,0.0,0.0,76.0,0.0,0.0,0.0,0.0,30.0,0.0,0.0,16479.0,0.0,0.0,0.0,0.0,0.0,0.0,0.0,0.0,0.0,0.0,0.0,0.0,0.0,0.0,50.0,0.0,0.0,0.0,0.0,0.0,0.0,23.0
1160,0.0,0.0,0.0,0.0,0.0,0.0,0.0,0.0,0.0,0.0,0.0,0.0,0.0,0.0,0.0,0.0,34.0,0.0,0.0,0.0,0.0,0.0,0.0,0.0,0.0,428.0,0.0,24.0,0.0,0.0,0.0,0.0,0.0,0.0,0.0,565.0,0.0,63.0,0.0,0.0,0.0,0.0,0.0,49110.0,40.0,0.0,0.0,29.0,0.0,0.0,0.0,501.0,38.0,0.0,0.0,0.0,0.0,0.0,0.0,0.0,0.0,0.0,0.0,0.0,217.0
1161,0.0,0.0,36.0,0.0,0.0,0.0,0.0,0.0,0.0,0.0,0.0,0.0,0.0,0.0,0.0,0.0,58.0,0.0,0.0,0.0,0.0,0.0,0.0,0.0,0.0,777.0,0.0,15.0,115.0,0.0,0.0,27.0,0.0,0.0,0.0,116.0,0.0,0.0,0.0,0.0,0.0,0.0,0.0,18.0,39999.0,0.0,0.0,390.0,0.0,0.0,0.0,155.0,105.0,0.0,58.0,0.0,0.0,0.0,0.0,0.0,0.0,0.0,0.0,0.0,69.0
1162,0.0,0.0,0.0,0.0,0.0,0.0,0.0,0.0,0.0,0.0,0.0,0.0,0.0,0.0,0.0,0.0,92.0,0.0,25.0,0.0,0.0,0.0,0.0,0.0,0.0,0.0,0.0,0.0,0.0,0.0,0.0,78.0,0.0,0.0,0.0,0.0,0.0,0.0,0.0,0.0,0.0,0.0,0.0,0.0,0.0,9282.0,0.0,0.0,0.0,0.0,0.0,0.0,331.0,0.0,0.0,0.0,0.0,0.0,0.0,0.0,0.0,0.0,0.0,0.0,0.0
1163,0.0,0.0,194.0,0.0,0.0,0.0,0.0,0.0,0.0,0.0,0.0,0.0,0.0,0.0,0.0,0.0,59.0,0.0,0.0,0.0,0.0,0.0,0.0,0.0,0.0,27.0,0.0,0.0,49.0,0.0,0.0,0.0,0.0,0.0,0.0,30.0,0.0,0.0,0.0,0.0,0.0,0.0,0.0,0.0,40.0,0.0,17741.0,151.0,0.0,0.0,0.0,0.0,0.0,0.0,0.0,0.0,0.0,0.0,0.0,0.0,0.0,0.0,0.0,0.0,0.0
1164,0.0,0.0,123.0,0.0,0.0,0.0,0.0,0.0,0.0,0.0,0.0,0.0,0.0,0.0,0.0,0.0,98.0,0.0,0.0,0.0,0.0,0.0,0.0,0.0,0.0,505.0,0.0,0.0,23.0,0.0,0.0,35.0,0.0,0.0,0.0,140.0,0.0,0.0,0.0,0.0,0.0,0.0,0.0,0.0,308.0,0.0,223.0,34691.0,0.0,0.0,0.0,87.0,137.0,0.0,0.0,0.0,0.0,0.0,0.0,0.0,0.0,0.0,0.0,0.0,147.0
1165,178.0,44.0,25.0,0.0,50.0,0.0,0.0,0.0,0.0,91.0,0.0,0.0,0.0,0.0,0.0,0.0,158.0,0.0,0.0,260.0,0.0,0.0,22.0,0.0,0.0,0.0,0.0,758.0,0.0,0.0,0.0,0.0,0.0,0.0,0.0,0.0,0.0,0.0,0.0,32.0,0.0,0.0,0.0,0.0,0.0,0.0,0.0,0.0,61416.0,104.0,0.0,19.0,0.0,0.0,0.0,0.0,68.0,0.0,0.0,0.0,0.0,0.0,0.0,0.0,94.0
1166,45.0,0.0,0.0,0.0,0.0,0.0,0.0,0.0,0.0,0.0,0.0,0.0,0.0,0.0,0.0,0.0,60.0,0.0,0.0,0.0,0.0,0.0,343.0,0.0,0.0,0.0,0.0,953.0,0.0,0.0,0.0,0.0,0.0,0.0,0.0,0.0,0.0,0.0,0.0,0.0,0.0,0.0,0.0,0.0,0.0,0.0,0.0,0.0,124.0,38157.0,42.0,0.0,0.0,0.0,0.0,0.0,98.0,0.0,0.0,0.0,0.0,0.0,0.0,0.0,64.0
1167,0.0,0.0,0.0,94.0,0.0,0.0,0.0,0.0,0.0,33.0,0.0,0.0,0.0,0.0,0.0,0.0,103.0,0.0,0.0,0.0,0.0,0.0,302.0,0.0,0.0,53.0,0.0,254.0,83.0,0.0,0.0,0.0,0.0,0.0,0.0,49.0,0.0,0.0,0.0,0.0,0.0,0.0,0.0,0.0,0.0,0.0,0.0,0.0,25.0,61.0,42483.0,22.0,0.0,0.0,202.0,0.0,37.0,0.0,0.0,0.0,0.0,0.0,0.0,0.0,172.0
1168,0.0,0.0,71.0,0.0,0.0,0.0,0.0,0.0,28.0,44.0,0.0,0.0,0.0,0.0,0.0,0.0,263.0,0.0,0.0,0.0,0.0,0.0,0.0,0.0,0.0,850.0,0.0,79.0,37.0,0.0,0.0,89.0,0.0,0.0,0.0,672.0,26.0,29.0,0.0,36.0,0.0,0.0,0.0,153.0,69.0,0.0,0.0,0.0,0.0,0.0,0.0,158403.0,508.0,0.0,63.0,0.0,0.0,0.0,336.0,0.0,0.0,0.0,0.0,0.0,2748.0
1169,0.0,0.0,49.0,0.0,0.0,0.0,0.0,0.0,0.0,0.0,0.0,0.0,0.0,0.0,0.0,0.0,302.0,0.0,0.0,0.0,0.0,0.0,0.0,0.0,0.0,223.0,0.0,29.0,24.0,0.0,0.0,656.0,0.0,0.0,0.0,101.0,0.0,0.0,0.0,0.0,0.0,0.0,0.0,22.0,43.0,238.0,0.0,40.0,0.0,0.0,0.0,387.0,72047.0,0.0,25.0,0.0,0.0,0.0,151.0,0.0,0.0,0.0,0.0,0.0,202.0
1170,0.0,0.0,0.0,0.0,0.0,0.0,0.0,0.0,0.0,0.0,0.0,0.0,0.0,0.0,30.0,0.0,18.0,0.0,0.0,0.0,0.0,0.0,0.0,0.0,0.0,0.0,0.0,0.0,0.0,0.0,0.0,0.0,25.0,0.0,0.0,0.0,25.0,0.0,0.0,0.0,0.0,0.0,0.0,0.0,0.0,0.0,0.0,0.0,0.0,0.0,0.0,0.0,0.0,3820.0,0.0,0.0,0.0,0.0,0.0,0.0,0.0,0.0,0.0,0.0,0.0
1171,0.0,0.0,45.0,75.0,0.0,0.0,0.0,0.0,0.0,0.0,0.0,0.0,0.0,0.0,0.0,0.0,140.0,0.0,0.0,0.0,0.0,0.0,34.0,0.0,0.0,187.0,0.0,144.0,1006.0,0.0,0.0,20.0,0.0,0.0,0.0,59.0,21.0,0.0,0.0,0.0,0.0,0.0,0.0,0.0,44.0,0.0,0.0,0.0,0.0,0.0,117.0,51.0,22.0,0.0,84246.0,0.0,0.0,0.0,0.0,0.0,0.0,0.0,0.0,0.0,219.0
1172,0.0,0.0,0.0,0.0,0.0,0.0,0.0,0.0,0.0,0.0,0.0,0.0,0.0,19.0,0.0,0.0,0.0,0.0,0.0,0.0,0.0,0.0,0.0,0.0,0.0,0.0,0.0,0.0,0.0,0.0,142.0,0.0,0.0,29.0,0.0,0.0,309.0,0.0,0.0,0.0,0.0,0.0,0.0,0.0,0.0,0.0,0.0,0.0,0.0,0.0,0.0,0.0,0.0,0.0,0.0,16171.0,0.0,0.0,0.0,0.0,0.0,0.0,0.0,0.0,98.0
1173,104.0,0.0,0.0,0.0,0.0,0.0,0.0,0.0,0.0,39.0,0.0,0.0,0.0,0.0,0.0,0.0,20.0,0.0,0.0,0.0,0.0,0.0,205.0,0.0,0.0,0.0,55.0,671.0,0.0,0.0,0.0,0.0,0.0,0.0,0.0,0.0,0.0,0.0,0.0,0.0,0.0,0.0,0.0,0.0,0.0,0.0,0.0,0.0,34.0,54.0,20.0,0.0,0.0,0.0,0.0,0.0,41769.0,0.0,0.0,0.0,0.0,0.0,0.0,0.0,36.0
1174,0.0,31.0,0.0,0.0,0.0,424.0,0.0,0.0,27.0,101.0,0.0,0.0,0.0,0.0,0.0,0.0,57.0,0.0,0.0,0.0,0.0,0.0,0.0,0.0,0.0,37.0,0.0,31.0,0.0,0.0,0.0,0.0,0.0,0.0,38.0,0.0,19.0,0.0,0.0,141.0,0.0,0.0,80.0,0.0,0.0,0.0,0.0,0.0,0.0,0.0,0.0,0.0,0.0,0.0,0.0,0.0,0.0,33742.0,0.0,0.0,0.0,0.0,0.0,0.0,3895.0
1175,0.0,0.0,0.0,0.0,0.0,0.0,0.0,0.0,0.0,0.0,0.0,0.0,0.0,0.0,0.0,0.0,89.0,0.0,0.0,0.0,0.0,0.0,0.0,0.0,0.0,34.0,0.0,0.0,0.0,0.0,0.0,31.0,0.0,0.0,0.0,41.0,0.0,0.0,0.0,0.0,0.0,0.0,0.0,0.0,0.0,0.0,0.0,0.0,0.0,0.0,0.0,265.0,163.0,0.0,0.0,0.0,0.0,0.0,29972.0,0.0,0.0,0.0,0.0,0.0,198.0
1176,0.0,0.0,0.0,0.0,0.0,0.0,101.0,408.0,265.0,0.0,0.0,0.0,0.0,84.0,0.0,0.0,14.0,0.0,0.0,0.0,0.0,0.0,0.0,0.0,0.0,0.0,0.0,0.0,0.0,0.0,58.0,0.0,0.0,0.0,0.0,0.0,42.0,0.0,0.0,0.0,0.0,0.0,0.0,0.0,0.0,0.0,0.0,0.0,0.0,0.0,0.0,0.0,0.0,0.0,0.0,0.0,0.0,0.0,0.0,29412.0,0.0,0.0,0.0,0.0,61.0
1177,0.0,0.0,55.0,0.0,0.0,0.0,0.0,0.0,0.0,0.0,0.0,0.0,0.0,0.0,0.0,0.0,651.0,0.0,0.0,0.0,0.0,0.0,0.0,206.0,0.0,24.0,0.0,0.0,0.0,0.0,0.0,119.0,0.0,0.0,0.0,0.0,0.0,0.0,114.0,0.0,0.0,0.0,0.0,0.0,0.0,0.0,0.0,0.0,0.0,0.0,0.0,0.0,0.0,0.0,0.0,0.0,0.0,0.0,0.0,0.0,16919.0,0.0,0.0,0.0,0.0
1178,0.0,0.0,0.0,0.0,0.0,0.0,0.0,0.0,0.0,0.0,0.0,0.0,0.0,0.0,0.0,0.0,0.0,35.0,0.0,0.0,0.0,0.0,0.0,0.0,0.0,0.0,0.0,0.0,0.0,0.0,0.0,0.0,0.0,38.0,0.0,0.0,89.0,0.0,0.0,0.0,0.0,40.0,0.0,0.0,0.0,0.0,0.0,0.0,0.0,0.0,0.0,0.0,0.0,0.0,0.0,0.0,0.0,0.0,0.0,0.0,0.0,8546.0,0.0,0.0,19.0
1179,0.0,0.0,0.0,0.0,0.0,0.0,0.0,0.0,0.0,0.0,0.0,0.0,0.0,0.0,0.0,0.0,156.0,0.0,63.0,0.0,0.0,0.0,0.0,0.0,0.0,0.0,0.0,0.0,0.0,0.0,0.0,0.0,0.0,0.0,0.0,0.0,0.0,0.0,0.0,0.0,0.0,0.0,0.0,0.0,0.0,0.0,0.0,0.0,0.0,0.0,0.0,0.0,0.0,0.0,0.0,0.0,0.0,0.0,0.0,0.0,0.0,0.0,7729.0,0.0,0.0
1180,0.0,0.0,0.0,0.0,0.0,0.0,0.0,0.0,22.0,0.0,0.0,0.0,0.0,0.0,0.0,0.0,0.0,0.0,0.0,0.0,0.0,46.0,0.0,0.0,56.0,0.0,0.0,0.0,0.0,0.0,0.0,0.0,0.0,0.0,77.0,0.0,29.0,0.0,0.0,40.0,0.0,0.0,0.0,0.0,0.0,0.0,0.0,0.0,0.0,0.0,0.0,0.0,0.0,0.0,0.0,0.0,0.0,0.0,0.0,0.0,0.0,0.0,0.0,10258.0,0.0
-1,49.0,17.0,120.0,0.0,32.0,44.0,18.0,1208.0,2119.0,1234.0,0.0,26.0,0.0,20.0,200.0,76.0,2509.0,0.0,0.0,0.0,0.0,25.0,96.0,0.0,0.0,2996.0,42.0,1089.0,34.0,0.0,41.0,45.0,69.0,98.0,128.0,3928.0,553.0,133.0,0.0,239.0,0.0,0.0,30.0,52.0,35.0,0.0,0.0,40.0,106.0,32.0,70.0,2762.0,198.0,0.0,82.0,88.0,34.0,2480.0,166.0,143.0,0.0,0.0,0.0,0.0,
